{"Training RMSE": 98.33597344581102, "Training R2 score": 0.40340670689016167, "Validation RMSE": 128.30976798890836, "Validation R2 score": 0.3152634300318299, "Test RMSE:": 77.84153372751884, "Test R2 score": 0.5002657521819756}