{"Training accuracy score": 0.46207865168539325, "Training precision score": 0.49651054566445385, "Training recall score": 0.4493319835771299, "Training F1 score": 0.43597301431568763, "Validation accuracy score": 0.42592592592592593, "Validation precision score": 0.50015873015873, "Validation recall score": 0.37810439560439557, "Validation F1 score": 0.35876717842562245, "Test accuracy score:": 0.31451612903225806, "Test precision score": 0.302765119870383, "Test recall score score": 0.3153848973607038, "Test F1 score": 0.28975777602010705}