{"Training accuracy score": 0.47331460674157305, "Training precision score": 0.49145492776819266, "Training recall score": 0.46582252963881476, "Training F1 score": 0.4673985149096612, "Validation accuracy score": 0.3888888888888889, "Validation precision score": 0.3625396825396825, "Validation recall score": 0.3807967032967033, "Validation F1 score": 0.3592120362106337, "Test accuracy score:": 0.33064516129032256, "Test precision score": 0.3515151515151515, "Test recall score score": 0.3330376344086022, "Test F1 score": 0.3205708277528865}