{"Training RMSE": 97.80628440327118, "Training R2 score": 0.40981652466870133, "Validation RMSE": 120.79968446201921, "Validation R2 score": 0.393074082677191, "Test RMSE:": 80.12623286730637, "Test R2 score": 0.4705002070276083}