{"Training accuracy score": 0.5758426966292135, "Training precision score": 0.5937340949699497, "Training recall score": 0.5677149229597795, "Training F1 score": 0.5663408727077982, "Validation accuracy score": 0.48148148148148145, "Validation precision score": 0.42174242424242425, "Validation recall score": 0.4473351648351648, "Validation F1 score": 0.4246679197994988, "Test accuracy score:": 0.3467741935483871, "Test precision score": 0.35976386321213905, "Test recall score score": 0.3431891495601173, "Test F1 score": 0.33031882248920785}