{"Training RMSE": 104.33418474946559, "Training R2 score": 0.3284060457912391, "Validation RMSE": 133.54405538448066, "Validation R2 score": 0.25825743014457603, "Test RMSE:": 96.42921436789092, "Test R2 score": 0.2331090692540283}