{"Training accuracy score": 0.42696629213483145, "Training precision score": 0.4282658096246614, "Training recall score": 0.413807905607384, "Training F1 score": 0.4062099456143768, "Validation accuracy score": 0.46296296296296297, "Validation precision score": 0.5236257309941521, "Validation recall score": 0.40310439560439554, "Validation F1 score": 0.3842583070524247, "Test accuracy score:": 0.3225806451612903, "Test precision score": 0.3109043617446979, "Test recall score score": 0.32000610948191593, "Test F1 score": 0.2972520427314948}