{"Training RMSE": 77.51911766335253, "Training R2 score": 0.6292585315074589, "Validation RMSE": 125.37083936260116, "Validation R2 score": 0.346271903847283, "Test RMSE:": 84.60866357975573, "Test R2 score": 0.4096004531775842}